"pitch_speed_mph","max_shoulder_internal_rotational_velo","max_torso_rotational_velo","max_shoulder_external_rotation","shoulder_horizontal_abduction_fp","pelvis_anterior_tilt_fp","max_cog_velo_x","glove_shoulder_external_rotation_fp","torso_lateral_tilt_br","lead_knee_extension_from_fp_to_br","stride_angle","max_shoulder_horizontal_abduction","shoulder_generation_fp_br","elbow_absorption_fp_br","lead_knee_transfer_fp_br","rear_hip_generation_pkh_fp"
90.4,4533.248,958.0878,162.348,53.7302,8.2744,3.3113,-46.638,16.9053,10.1399,5.3785,53.8175,72.518,88.0793,70.8131,173.1504
90.4,4571.1735,969.5766,162.8656,55.734,5.0692,3.2385,-47.7522,18.7871,14.8421,1.1214,55.9667,66.5717,81.1477,89.3801,180.7929
77.6,4165.3055,1090.2269,158.8107,47.1102,9.5675,2.911,-33.7316,21.1152,26.2749,7.946,49.0236,7.2968,24.0842,136.0782,146.291
77,3832.1715,1105.2275,155.2244,46.661,6.4666,3.093,-39.2897,20.7396,12.7819,7.3773,46.7557,9.6288,31.7676,112.2196,185.6076
76.1,3970.7971,1110.485,156.2257,47.2912,4.9964,3.0013,-39.5512,23.5627,32.7313,7.3923,48.8516,7.4368,25.755,144.0534,188.29
80.9,4603.9004,964.559,155.2434,34.974,9.4998,2.9649,-22.5698,19.6864,12.6508,3.798,52.6238,32.5835,70.6912,41.3699,86.1514
82.6,4747.0902,968.1194,157.7356,34.7562,8.3577,3.0202,-23.2103,24.7,10.0847,3.7214,41.9626,29.9486,68.653,40.4185,93.4677
88.1,4852.751,1071.495,164.4621,60.086,16.0628,3.2749,-36.925,24.5103,16.1337,-1.7348,60.4374,42.0423,49.3482,41.8126,174.0266
88.6,2717.6363,1107.7876,171.7483,59.5109,14.7233,3.3288,-38.5943,26.3491,20.4489,-2.8191,60.3625,33.8369,57.4843,52.0949,203.1844
85.8,4666.8763,1216.4581,158.2767,47.7511,13.9677,3.039,-60.0176,20.8006,11.7028,-4.8882,73.5387,4.1384,18.3509,53.5918,171.4638
85.9,4746.3833,1201.3612,159.9967,49.3646,14.2662,3.1293,-60.2375,17.9679,7.9452,-3.7634,75.8228,1.8522,18.7717,44.6124,174.9833
85.8,4790.539,1190.8503,163.6532,48.8967,14.1369,3.039,-59.0543,17.5345,14.45,-4.7763,73.9714,1.7343,47.4327,49.6586,175.9136
84.6,5038.9421,1152.9967,181.1754,53.4195,6.1038,3.2749,-21.7049,18.6014,34.0138,3.3961,53.8909,12.2904,49.9022,61.3369,146.5395
84.5,5412.5614,1158.6598,181.247,52.5763,3.9376,3.1657,-23.4735,19.6318,38.1721,4.3453,53.7841,10.295,49.08,58.8374,157.5508
84.8,4992.0132,1150.8842,180.423,53.7096,6.1294,3.1293,-18.2912,17.7542,34.8785,3.8597,54.9928,8.5651,46.2989,56.161,144.5623
87.8,4378.9195,1152.4505,156.3049,45.3359,24.4865,2.911,-39.0216,6.935,23.866,6.8196,56.1419,42.5345,54.8845,57.7861,183.5992
86.9,4378.0302,1128.4979,158.2781,47.4607,24.8838,3.0026,-40.4189,9.0007,10.5046,7.7095,61.4977,36.4721,46.1824,47.3267,159.3829
86.9,4476.5891,1180.0418,158.9088,45.7115,22.8703,2.911,-38.5218,8.2042,23.527,5.639,58.3429,34.2694,47.9142,73.2981,194.087
87.4,4470.4298,1036.2166,176.3965,54.5165,11.0694,3.3841,-36.8815,9.9492,-4.324,-1.779,54.7356,55.8012,79.6227,9.8635,160.9066
87.8,4472.2029,1049.9827,177.1948,52.947,10.3312,3.4029,-41.346,8.6506,-4.5271,0.3587,54.5161,52.6016,77.5226,11.0593,154.6513
71.3,4296.6623,994.3276,150.535,19.7078,-10.1705,2.8382,-30.2058,31.1524,-1.7492,-8.8481,22.6615,4.0429,34.8154,22.8265,121.3334
69.9,4319.4988,947.3004,150.36,19.6761,-7.4975,2.8746,-37.6582,29.7153,-1.2455,-10.1346,23.6921,4.6424,32.3959,29.83,119.2704
69.5,4320.9953,968.5634,151.2893,21.4609,-7.8923,2.8746,-38.9203,27.9328,-4.9586,-8.1327,23.0752,5.839,35.2964,16.5385,131.1502
86.3,4924.019,1041.423,169.2997,46.992,4.8053,2.8922,-51.1587,30.5094,14.657,1.7493,49.0446,42.7738,47.7717,36.7591,179.3477
86.7,4886.0786,1034.0795,170.0083,46.4177,3.5796,3.0202,-51.6846,32.0301,15.5418,2.5596,50.5484,43.4643,50.6365,48.8311,189.4494
86.8,4986.0166,1032.7659,171.4072,44.9372,3.1482,2.9663,-50.9973,32.8497,14.3316,3.4363,49.7918,55.2005,62.7303,43.8862,185.2959
78.7,4114.833,985.7907,179.194,27.6105,0.6953,2.8935,-35.134,24.2749,7.0863,13.3353,27.6718,28.9822,51.278,13.5263,95.4617
78.6,4110.2161,1006.9553,179.7406,28.2919,0.4521,2.8746,-44.5166,23.8671,7.4095,11.3191,29.471,29.9066,53.6452,12.7372,94.6568
77.9,4121.7197,1013.7085,179.8952,29.1571,1.6779,2.8922,-47.0848,25.9175,9.1199,14.3212,29.3182,32.1112,54.7615,13.4636,115.7381
86,4171.3972,1074.3927,171.2329,48.06,9.0285,2.6738,-27.3183,12.5779,-2.0729,-6.8163,51.4594,66.0744,72.4097,42.8652,264.6902
84.6,4119.7887,1057.3928,173.3027,50.1837,11.0078,2.6563,-24.4947,12.4999,-5.641,-4.7812,50.6379,59.1672,65.5703,29.7971,201.437
86,4191.9269,1060.4802,175.046,48.944,9.243,2.7843,-24.3936,11.914,-2.1803,-5.2121,50.6812,70.6516,75.7123,44.4073,256.6221
91.8,4548.6288,1067.5775,172.3515,38.4432,23.9886,3.0202,-28.4428,6.5594,-7.0362,-7.3577,57.4465,53.9035,68.4281,25.7126,214.1893
90.3,4457.0226,1087.3926,172.8179,43.6023,21.929,3.0566,-22.9257,6.7458,-7.6399,-5.4804,57.8636,53.9542,71.6254,14.3539,215.4514
90.6,4647.0357,1075.4321,174.8582,46.3866,18.6748,3.0741,-27.3972,10.2418,-1.4067,-6.7803,58.2855,44.1975,56.4441,36.166,216.4785
89.8,4413.6989,1015.8496,184.7196,63.2703,7.6171,2.9838,-29.0502,13.8828,-3.9558,5.642,63.4027,64.7632,48.2368,21.8088,31.3489
88.6,4441.5525,1006.1249,181.0923,61.2413,6.293,3.0013,-29.793,15.6978,-4.33,4.0899,61.5829,36.8987,51.5431,20.5032,29.1087
89.5,4396.7695,1023.9771,183.9835,63.8887,7.4228,2.9838,-32.1627,14.6933,1.3409,4.0328,63.9691,40.3408,51.2367,30.1295,26.2423
82.3,4613.9717,1063.3883,162.6345,28.6404,6.2595,2.7102,-23.6748,31.2756,15.907,7.1443,29.5808,37.4876,51.3883,53.2543,95.9625
82.3,4657.1729,1128.1505,163.9942,25.9529,9.23,2.7655,-26.4267,25.3891,17.5512,8.9747,29.3327,40.6309,50.78,57.6609,85.9423
83,4596.8585,1081.1519,163.8234,28.5539,7.0541,2.783,-25.1399,26.3763,11.3964,8.3505,29.8258,40.9636,52.0989,64.5824,82.0335
86.3,4469.8254,1054.8767,174.1473,28.1365,2.5355,2.8922,-57.4529,20.5675,24.8091,-1.0602,34.0366,24.6228,60.9498,59.0319,206.0722
86.1,4341.0389,1017.7234,175.7553,25.2915,6.4583,3.0026,-58.9297,15.825,20.7093,0.5114,32.8027,23.4545,55.4308,53.3964,191.2346
86.2,4460.5682,1030.0709,173.6189,30.0037,2.1679,3.0566,-59.2374,21.5702,18.4474,0.6405,31.249,21.6944,69.5398,52.4051,211.1228
85,4945.4721,1020.316,172.0197,17.957,22.6524,3.2196,-38.1588,19.6814,16.1772,-1.7194,39.121,25.5923,21.8319,30.4916,177.8344
85.6,5037.5382,1036.0217,172.1789,17.6519,22.08,3.1657,-37.8332,20.1788,18.8031,-1.8754,37.6168,22.7762,29.9307,24.7696,183.5992
85.1,4923.8073,1037.927,170.7834,14.1358,22.6723,3.2398,-34.2255,21.4411,17.0348,-2.6066,36.818,32.2671,34.1849,23.3739,208.2491
86.4,4726.9077,1082.9732,158.1403,25.6217,9.967,3.2937,-51.6486,27.6269,22.5262,-1.3863,31.5352,29.8958,70.8937,64.074,237.4335
85.8,4797.0983,1086.5615,159.1295,27.181,11.8589,3.2749,-48.4997,26.1381,18.2448,0.6543,31.9738,32.3548,70.3185,54.5092,257.4684
84.6,4751.2837,1077.8302,157.396,26.7326,10.8376,3.2924,-47.8393,27.9059,18.8224,1.9266,33.9356,30.7574,71.0653,58.5488,221.8823
85.4,4917.8361,1096.8716,168.8882,51.5754,5.8736,3.2385,-44.1507,23.9729,7.2668,-6.0602,56.4015,37.2312,35.4103,36.1492,231.4232
84.4,5157.6503,1132.3194,167.0407,44.3145,9.2425,3.221,-58.8714,22.928,13.8474,-6.6383,50.8739,32.2102,40.0132,35.0388,262.5007
85,3942.5678,956.676,184.6568,25.9637,5.9383,3.3113,-35.0462,12.291,-6.6856,3.3776,52.0696,45.1434,49.1917,27.9347,169.5892
84.6,4003.8613,993.2766,183.5441,31.93,5.5814,3.3841,-37.8034,11.4277,-1.3635,2.1666,53.075,42.6235,56.9132,49.6279,166.6676
85.8,4101.9353,994.4683,172.4469,52.6032,9.2333,3.0566,-35.2688,21.7914,8.0693,6.7005,53.179,21.9995,52.5935,35.2074,127.05
85.7,4122.2622,1002.4684,174.501,52.8386,5.7414,3.1118,-36.4631,25.5168,7.697,7.7629,52.8773,23.6896,61.5338,36.167,140.1544
85.3,4100.657,1006.1412,172.2693,51.4215,6.3749,3.1105,-37.6968,23.4914,4.9839,8.1927,52.1569,19.2827,52.6795,29.6537,131.8749
87.1,4205.2212,1021.2634,162.5317,30.286,0.9376,3.0013,-39.3366,20.0573,15.4917,-9.8648,45.2495,34.6256,30.7817,66.2774,185.5417
87.3,4150.5038,1031.1986,162.0228,32.6606,7.4747,3.1657,-37.5431,17.5069,17.6888,-6.3662,48.1012,36.6218,31.3766,71.829,197.0186
87.3,4146.529,1034.7382,166.9818,30.2447,1.582,3.039,-30.6214,18.6049,26.9604,-8.1831,39.3866,36.4189,29.1599,68.3175,184.7594
87.9,4651.6868,1095.3551,177.9213,42.4626,20.3384,3.2937,-35.2662,11.8158,2.2534,11.1545,54.754,24.7472,31.9071,29.0303,168.4444
87.6,4760.2741,1084.1197,175.343,44.2542,21.6426,3.3288,-34.6362,9.4291,0.6683,7.5588,56.4581,22.7662,28.9678,19.9417,160.3819
87.8,4764.4898,1083.083,178.1733,47.9854,19.5408,3.4744,-35.9829,7.5216,1.795,9.8545,55.1314,22.1198,20.1754,19.5819,164.9614
93.1,4412.6991,969.0852,177.0473,52.6757,2.3242,3.1482,-46.8198,12.5969,21.2537,1.3274,54.7507,40.8633,63.715,60.8226,190.7297
91.4,4366.6834,1027.9336,175.9829,46.6218,9.1964,3.3477,-47.5548,10.9281,17.1159,-0.7633,53.9823,47.2585,68.706,50.9216,210.6987
72,4178.1362,848.3836,145.3224,21.5632,-1.673,2.9285,6.2328,18.6324,-0.5165,6.0077,35.9611,31.1874,29.5261,24.148,211.7572
71.4,4197.559,864.7959,143.309,18.8748,-2.3781,2.9649,-5.0265,19.2255,-4.0359,7.8853,34.3209,21.8787,22.2682,2.6307,219.4567
91.2,4252.7711,1122.2729,149.219,39.2647,4.1945,3.1293,-37.6958,21.523,17.7284,-3.8347,39.7792,40.1554,61.3258,62.8733,144.2726
90.8,4212.6858,1097.2378,150.7983,41.0023,1.8885,3.093,-32.4802,22.3176,11.8116,-3.9542,41.0422,35.9329,60.598,61.0056,124.7687
90.8,4163.1834,1138.4905,148.4333,40.2391,2.5184,3.1105,-38.0139,21.8121,16.8755,-6.2261,40.4882,42.2287,67.6246,66.847,136.6961
90.6,4289.8829,1031.5702,170.5134,37.6508,0.7286,3.0013,-36.861,36.5628,13.2075,6.9288,38.5957,56.2703,78.5268,51.5467,209.8845
90.5,4270.709,1058.2512,170.5958,36.6645,-0.0631,3.0026,-36.4404,36.6014,18.3364,4.3403,37.2924,47.2883,75.1979,61.6383,213.585
90.4,4395.451,1056.2402,170.2972,39.7713,0.2581,3.0377,-34.377,37.9282,14.9341,4.1381,39.9177,51.718,77.6943,51.1278,227.7601
83.9,4179.6342,1059.2147,172.4537,47.7924,12.6464,3.1482,-28.8384,4.469,9.3976,9.2829,53.8429,1.7612,32.3639,48.7441,152.2992
83.4,4362.8502,1063.5172,172.3286,47.5156,13.5077,3.1846,-29.3011,5.3098,7.102,9.431,57.2008,1.139,26.502,39.7079,159.96
83.5,4486.2409,1052.1824,174.9484,47.0897,13.0795,3.1833,-31.6738,4.3859,8.2863,10.4812,57.7358,6.1103,34.2693,48.4763,171.2093
83.3,4441.2261,1161.7748,166.3496,37.1695,10.5732,3.0026,-57.2515,23.5156,5.4177,0.6424,43.9815,31.2143,74.4131,48.3247,97.4755
83.4,4456.6903,1173.0085,167.2183,36.9751,8.151,3.039,-57.3234,24.5492,3.062,0.4589,44.0208,32.2817,73.2116,50.2468,99.6863
83.7,4426.6287,997.7476,146.6213,46.9888,-7.7813,3.2385,-42.1172,20.535,-7.2319,1.1526,52.8678,34.4022,58.3612,27.5138,100.1714
85.2,4379.3845,1027.4042,147.5378,49.5324,-7.7322,3.221,-43.5755,20.6582,-2.5464,1.0121,53.5663,34.2258,61.6818,42.8829,102.2741
83.5,4552.2199,1013.8102,149.9542,48.5154,-8.3972,3.2021,-43.149,19.7383,-6.3792,1.6862,54.8273,45.2988,70.1692,14.7937,100.9391
73.8,4149.3097,1001.1339,148.5305,16.9501,14.8519,2.6374,-32.9702,16.995,13.8185,4.2788,22.7319,52.0534,84.2161,61.4537,185.6267
74,4072.0463,960.137,153.6974,23.5461,16.6759,2.8019,-33.5346,16.4532,5.6822,3.4574,29.7572,55.7536,89.6884,57.8819,198.9583
74.3,4324.9785,957.2934,152.8364,22.7658,13.3391,2.8207,-33.1423,20.1645,-2.3897,4.2096,26.6915,46.628,84.4927,44.9944,213.7789
75.2,4271.1398,999.367,152.614,20.1123,14.1785,2.7291,-37.7311,16.0317,11.3432,2.9129,27.5039,50.2094,88.0085,63.1236,193.336
79.6,4387.4938,1027.4269,178.3174,47.6267,6.504,3.0566,-28.6803,31.3846,-1.5394,1.8608,64.7362,19.8179,38.5604,52.3332,89.7546
79.8,4342.7952,1024.9545,178.24,44.4896,4.4368,3.093,-30.0126,31.9885,-0.1183,3.8914,63.5227,22.1984,40.4374,54.861,90.8045
80.2,4360.3885,1018.6888,178.5277,48.7996,6.1653,3.093,-25.4244,30.1629,-1.6009,5.0523,65.0943,18.5819,41.3926,52.78,85.7199
80.6,4387.7032,1036.5796,177.902,44.5131,5.2617,3.1482,-28.2557,32.9013,-4.8082,3.7124,62.7989,21.7388,41.6031,52.1884,95.9327
81.1,4408.0326,1103.4559,168.4869,27.2286,1.1364,3.1657,-77.518,27.7197,3.5412,3.7352,61.5447,40.8479,60.6241,24.7263,91.3406
80.8,4483.7361,1100.012,168.1608,28.7477,2.5861,3.1833,-80.2728,27.1421,0.4074,3.3958,65.384,36.7145,58.3121,23.3942,83.3262
81.3,4321.9842,1072.1819,168.5074,24.3497,4.2201,3.2021,-81.8133,27.1349,1.5471,3.8004,63.3806,40.6035,59.0167,22.9496,93.9739
81.2,4362.3438,1106.216,168.3182,21.8072,1.6647,3.1833,-81.1559,29.3041,2.7133,4.8165,60.7751,39.7957,58.8537,23.2713,94.5069
81.2,4491.4238,1086.8808,167.7306,21.1413,2.7376,3.2021,-79.6578,30.0307,3.5234,4.0023,61.6435,44.0752,61.6792,29.581,124.0339
89.3,4468.8557,1165.8554,173.4894,55.3765,3.3127,2.9649,-53.4041,14.9913,12.47,-1.1692,60.7649,40.7496,62.222,57.4421,113.5999
88.9,4542.3335,1207.0944,175.3444,44.9411,4.5168,3.0026,-67.2337,16.545,20.5175,-1.2447,57.5393,37.9736,67.3371,51.7169,135.5967
88.8,4539.1108,1204.4006,177.2152,49.9945,1.5748,3.039,-59.0975,16.5033,19.5062,-2.9005,58.3127,44.6361,72.0086,57.1347,166.605
89.6,4607.1953,1200.3848,174.953,50.9565,2.9567,3.0741,-63.0691,15.0138,19.5598,-2.9037,55.3313,41.3851,66.2316,59.6457,128.5381
89.1,4599.3673,1215.3875,176.0887,48.3001,2.4785,3.093,-62.3794,16.3154,17.0236,-2.132,57.3215,42.8563,69.8176,49.8025,175.8921
83.5,4646.7217,959.3769,166.0445,45.7169,18.9648,3.039,-10.3047,14.5033,19.72,2.5951,46.7817,31.6018,55.5125,29.163,160.7842
83.4,4631.7266,977.37,166.7035,46.1776,16.8136,3.1105,-9.1406,18.2793,16.8386,1.9704,47.5511,30.5764,53.5167,29.8467,141.4283
83.4,4660.3017,961.7443,164.9287,46.7227,17.3545,3.0377,-7.5028,15.0817,18.6323,0.3569,49.8113,32.664,52.5061,27.1848,155.0097
83.7,4633.6098,977.4161,166.4415,46.0959,13.9223,3.0754,-3.7194,18.1322,20.1745,1.0414,47.1233,32.608,53.8451,34.9637,170.3423
83.5,4612.4496,992.7994,165.8914,46.5204,18.9143,3.093,-7.3655,19.0758,20.1994,0.7415,48.326,39.2271,61.4597,30.102,139.7587
87.5,3980.3066,1032.5166,179.0422,33.9739,11.5802,3.2021,-44.3258,27.5141,10.6319,5.5059,36.445,49.2372,67.2289,45.542,192.9596
87,3933.2137,1013.0557,179.9083,35.8933,7.3499,3.2021,-48.8534,30.4608,10.9272,5.6706,36.1481,52.6749,72.8508,37.7068,190.7493
87.5,3939.1491,1042.6346,181.3588,35.8821,7.6587,3.1657,-51.4851,32.3942,12.7142,5.9108,37.0128,47.5673,73.2467,46.4555,192.9268
90.9,5059.2718,1057.9016,169.1149,39.7746,-1.1419,2.7291,-56.613,21.8388,20.5696,-3.5993,43.9851,30.474,41.1754,36.8638,158.4645
89.4,5016.0437,1102.6302,170.1366,38.065,-0.7264,2.7466,-58.8294,21.1596,25.3516,-7.041,40.102,29.6896,47.1458,48.6824,165.464
89.1,5031.3604,1114.3282,168.7091,38.0229,-0.1726,2.7466,-61.8637,20.3959,23.9402,-6.0325,38.9508,29.0089,44.0985,52.5606,172.5427
87.8,5012.3107,1046.1467,172.2374,39.6355,0.0266,2.911,-56.0403,20.9022,14.4352,-5.4023,43.6867,28.2625,45.1766,29.3409,157.4822
87.7,5027.7723,1109.1629,170.2402,37.5801,2.7368,2.8922,-62.1175,17.8939,22.7889,-2.6198,38.4993,17.4616,34.6719,54.6471,170.2986
84.8,4562.2864,1081.9818,148.6946,31.4313,7.1507,3.2749,-52.1137,15.1311,-1.736,2.5393,34.2628,24.3777,49.1504,35.6869,117.4798
85.8,4589.4152,1122.3892,149.7039,27.9093,7.1755,3.3477,-48.1974,18.889,9.1445,2.0899,32.8399,37.9599,69.7105,75.2851,132.3321
85.1,4505.1163,1106.362,149.0441,30.4417,6.5233,3.438,-47.7687,18.4271,0.6994,3.1384,34.4179,28.5034,64.1584,4.9129,119.3834
84.8,4521.2909,1091.5039,149.2454,32.0284,3.305,3.4029,-56.7596,21.2678,-0.1195,1.6619,33.0231,20.9129,61.8589,42.9652,98.599
84.9,4572.3939,1129.0045,149.3529,26.9374,7.9057,3.3652,-45.1905,21.9508,3.9342,4.0617,33.5248,32.6322,64.5639,79.6063,170.9509
81.8,4740.3743,969.8078,155.6044,23.7765,2.1066,3.2924,-67.5066,17.9266,1.4099,-0.9307,25.6746,13.9446,17.9879,41.4862,186.9672
82.6,4680.6146,993.1391,155.9367,24.7099,-0.8904,3.4568,-64.6474,16.2463,-6.0784,2.0169,24.802,6.6423,16.8478,22.6346,233.518
82.8,4654.8968,1019.0478,155.0093,20.5473,1.938,3.4029,-60.0123,14.9962,9.1039,-0.1011,23.0785,8.2651,17.5964,43.0757,253.5941
81.6,4721.8023,1000.6647,153.58,22.3504,-0.4618,3.3841,-64.8578,15.2347,3.7138,-1.6618,23.4865,8.1845,17.395,27.8609,240.0189
87.9,5112.3109,1074.0838,187.2702,57.0264,16.5792,3.0377,-61.5131,11.5137,13.0116,-5.1724,67.4161,17.8262,50.5552,38.241,127.7956
88.1,5143.489,1180.9339,188.6939,52.9095,13.4463,3.0566,-64.6797,15.5171,8.2178,-4.3332,65.0583,16.4236,54.7743,23.7832,132.9006
87.8,5291.1315,1066.5568,191.2588,57.736,12.657,3.0754,-65.2588,13.5169,13.4356,-6.217,73.4536,17.0604,42.0912,36.1079,137.2894
88.4,5112.1364,1071.4013,191.0558,60.4839,14.6652,3.093,-62.189,8.1061,10.8682,-5.5425,69.6705,18.9942,59.4928,38.4057,137.1423
86.8,5222.6129,1051.4356,190.8333,57.1314,14.1038,3.093,-72.4337,11.0915,12.4626,-6.3556,77.3035,25.2407,53.8159,39.6346,134.0768
87.7,4379.4951,1072.2864,168.7007,39.7782,-2.918,2.5296,-44.0571,12.1903,-3.8892,-9.2954,54.6331,45.6221,47.6765,17.6072,292.6092
87.6,4397.4485,1056.8279,170.1749,28.5215,-3.4674,2.4555,-40.7315,11.9136,-0.8077,-3.4918,56.7606,40.7477,51.519,17.5536,300.1488
87.4,4484.3394,1052.4441,171.3882,32.4065,-3.8505,2.4016,-40.3343,12.0789,-0.879,-2.1078,59.1649,40.9587,48.3828,18.9923,219.1354
87.8,4649.3964,1067.0213,173.1169,30.6799,-5.2821,2.4016,-43.1432,11.5595,-2.0547,-8.3614,56.6472,33.1115,45.3971,21.7829,277.7529
87.1,4524.4119,1058.0327,170.3753,21.0151,2.0071,2.3652,-43.773,10.3398,1.8361,-5.1008,54.6208,28.0243,42.8982,30.4021,296.0606
79.4,3861.1304,869.8785,174.3232,58.733,10.5222,3.0566,12.4199,19.819,3.4941,5.3913,59.0686,32.5808,33.3085,38.5124,79.1497
79.9,4003.3629,892.4134,176.4702,59.4489,10.4072,3.093,5.9574,19.7449,-1.9903,10.857,59.8234,31.2173,33.5413,36.8331,86.6281
78.8,3809.7893,906.1005,174.8413,59.9544,6.1322,3.0566,4.5149,22.4511,-2.0842,7.8612,60.5102,29.1763,31.2251,36.1691,64.6651
80,3937.144,879.0901,175.5093,59.4808,8.1791,3.128,6.4585,22.8442,1.6853,6.7711,59.9458,28.5927,33.8962,46.3003,87.6668
79.8,3994.4139,889.5147,177.5316,57.9123,7.5629,3.1482,3.179,21.6608,5.0177,8.6893,58.6407,26.2427,33.987,43.461,90.4731
84.2,4301.4044,1060.7607,153.5178,49.0517,2.2933,3.2937,-43.7197,21.4458,1.3387,-0.2852,50.3724,34.107,55.7421,27.6558,72.1752
84.4,4350.7039,1047.3998,155.5062,50.1085,2.495,3.256,-43.643,21.3489,-5.7371,-2.03,51.587,31.0356,57.5903,18.1638,76.5347
83.5,4257.9705,1029.2647,152.0976,53.2155,3.3331,3.3301,-51.0606,20.6455,6.3273,0.1101,53.5919,27.5167,53.1394,29.5068,85.7219
83.8,4337.2556,1050.8298,155.4616,50.8564,2.5605,3.3113,-48.326,21.7093,4.5926,-0.9621,51.2237,29.5616,52.311,40.4887,76.1618
84.3,4222.856,1084.7454,158.8112,49.5446,1.2305,3.2937,-43.0867,21.6771,3.1051,-1.9759,51.3873,33.6349,55.039,38.0356,70.7379
79.2,4354.2333,892.8306,166.276,40.6859,6.9453,2.911,-24.3736,19.4029,-1.9502,-5.9858,46.3356,8.4579,37.5517,29.0993,159.1927
79.7,4125.7486,912.971,166.7454,46.8256,6.3957,2.8558,-37.1933,19.2049,-6.4561,-9.6334,47.029,12.7308,43.7641,23.9112,152.5004
79.7,4248.4413,908.9085,164.8812,42.2861,6.809,2.911,-40.0789,16.8302,-0.7115,-7.1501,44.346,10.6937,49.324,23.9121,161.8435
79.4,4331.1571,960.9768,166.7919,38.1569,7.6164,2.9838,-25.0719,20.5395,-3.0789,-7.556,42.9061,4.4245,37.6477,33.1992,170.8512
79.8,4844.7,1009.5098,150.2214,39.0919,5.6307,2.6738,-45.7157,15.9442,0.2954,-2.7315,39.6436,20.0669,38.8245,15.2512,134.5726
79.1,4808.6165,1008.9438,150.4431,37.14,5.2692,2.7291,-45.3109,18.6382,2.5262,-4.718,40.8873,17.7133,39.6608,21.3559,157.9645
79.4,4932.2565,1011.153,152.4615,38.9496,3.3125,2.7479,-45.2856,19.4269,1.325,-4.6124,39.3285,13.687,31.5668,16.1642,154.6043
79.1,4880.6859,989.6901,153.5522,38.4845,3.4432,2.7102,-47.1271,20.3656,2.4108,-3.8132,40.1042,16.3202,39.5044,27.018,147.6785
79.3,4950.7567,994.3685,151.4551,37.8028,2.1338,2.7291,-44.0691,18.9606,3.3888,-3.9127,39.4626,18.4961,44.0568,21.0373,153.7711
75.8,4479.3124,1049.6915,170.0122,-6.5292,0.9955,2.4932,-66.3677,19.8973,40.6245,2.1782,24.5404,19.4076,44.0546,90.4634,45.1199
76.4,4513.7459,1074.9997,168.5546,-5.7608,-1.1182,2.6011,-65.5304,21.6745,39.0615,3.1238,22.7406,22.6976,50.1774,91.3867,60.1446
74.9,4632.6719,1096.0412,172.5139,-4.3524,-3.5319,2.6752,-70.0111,23.1212,43.437,4.5106,22.2491,20.5309,59.8826,90.8236,69.734
75.1,4662.4474,1068.0115,169.4314,-3.1728,-2.1844,2.6011,-69.1493,22.7122,41.1081,1.7698,23.1592,18.1832,41.7258,91.7494,65.0506
74.9,4229.5703,1071.2733,168.5174,-3.0479,-4.1651,2.5647,-68.8017,22.1677,42.3193,3.3445,22.6018,20.2716,49.301,94.3578,77.7318
80.5,4416.1958,1073.851,184.3862,64.4868,-10.4175,3.1293,-40.2156,12.801,31.1189,1.1687,67.9985,1.7365,33.8272,50.0066,30.775
79.8,4536.974,1062.2459,188.2746,69.3633,-8.8945,3.1846,-41.5153,14.1444,24.3745,3.6169,71.1184,1.3904,31.6565,49.0015,88.7151
81,4428.8681,1052.0874,185.1408,67.6851,-7.3935,3.2574,-38.531,15.5467,24.5895,2.2752,68.0137,5.6998,38.8165,46.1537,90.4521
79.9,4700.2825,1058.583,188.2354,63.8383,-9.7948,3.2574,-41.0621,11.7497,24.1372,4.0808,66.6876,5.8811,33.9087,45.2911,84.0972
79.3,4613.3218,1020.5324,185.5782,71.2914,-12.2887,3.2574,-42.5591,19.0816,8.9637,2.0661,72.0824,3.7743,29.7381,29.701,93.0827
91.1,4751.1717,978.3064,175.7709,49.4535,9.7237,3.2937,-35.5566,14.2426,12.3437,-1.9478,52.2308,43.5856,76.9694,61.3885,30.3707
90.7,4659.2573,976.2037,178.3489,50.5788,6.8164,3.3113,-29.2068,13.5526,11.9046,-0.3478,50.5788,38.5037,82.6736,75.0788,127.909
89.6,4839.4391,963.9791,176.5604,48.3711,7.4489,3.4204,-25.9336,12.8965,8.8898,1.7304,48.383,41.4389,85.9868,85.4343,97.8864
89.6,4758.1131,957.9308,175.772,47.1422,11.1265,3.3841,-37.8814,15.5491,7.4506,-0.8883,51.3293,40.9331,78.0002,74.9269,123.0862
89.6,4826.6077,986.7507,176.737,48.4739,10.3805,3.3841,-38.0045,11.8702,7.022,-0.3016,51.8526,49.6046,88.0631,84.9115,135.9261
86.7,4316.3969,955.8972,168.459,43.6116,10.4008,2.783,-11.3985,25.6736,1.6294,2.8303,45.8902,76.8473,65.2755,63.4119,158.4986
85.8,4327.0057,929.5827,171.8634,47.953,11.1624,2.8746,-10.9435,25.9532,2.2344,5.7898,49.8083,80.9321,72.4616,84.0111,149.7761
86.3,4433.3463,938.8508,172.5894,48.3328,10.9624,2.8382,-15.9462,27.1871,3.8496,4.2105,49.9538,79.6891,66.6035,82.6399,154.2252
85.8,4317.1934,973.0834,171.6065,47.7445,9.7525,2.911,-18.2127,27.3413,6.0954,5.4052,48.4661,69.4601,70.057,104.3688,160.9883
85.8,4269.0275,959.0355,170.9315,49.0207,10.6624,2.8571,-15.5666,27.0726,1.6436,5.6474,49.4629,84.7901,69.9662,79.1658,169.0161
85.5,4476.9274,1108.9652,180.389,47.5814,10.2726,3.1293,-48.2721,-1.9199,45.3636,5.1006,54.3431,33.8996,51.0882,70.7109,111.924
85.9,4524.6851,1134.2527,181.3012,51.7729,10.5359,3.1293,-56.4032,-0.8661,41.726,3.9198,55.9439,28.2767,43.5603,64.4024,115.2586
85.2,4622.3179,1122.9154,178.7821,48.7099,7.9726,3.1105,-52.4667,-4.1313,44.9825,3.2954,55.1851,33.7243,54.987,68.9168,121.6616
85.8,4625.5494,1127.1505,182.045,53.168,11.7459,3.1657,-54.2415,-1.5398,35.5534,5.959,55.9443,34.8886,53.7665,64.2463,114.783
85.4,4569.1288,1179.3539,182.6002,52.0557,13.6423,3.1846,-61.7429,-5.9325,55.1861,6.1965,54.7705,33.3036,61.7535,61.6438,131.2458
82.1,4930.0955,1069.6692,171.2603,19.0426,4.1213,3.0754,-5.3705,4.1158,31.9719,0.9174,30.4441,15.83,30.1142,45.3977,145.4005
82.3,5014.0788,1080.0811,172.2012,19.6437,2.8459,3.1469,-2.7568,3.1119,19.4164,0.4967,30.2107,14.8097,29.2656,36.3101,147.3414
81.9,4830.4233,1093.1308,168.7848,11.4517,3.1499,3.1644,-8.7631,4.2901,32.1784,-0.2894,29.1963,18.8466,31.4694,44.9044,158.4818
81.5,4841.2252,1070.8621,171.4894,16.8678,4.5788,3.256,-3.9472,2.4738,24.2813,1.8454,30.4184,16.5771,24.3517,29.9139,168.4763
86.9,4705.7906,1076.4043,159.2278,63.1595,3.8667,2.5283,-32.7743,27.8492,19.4985,-9.7119,64.639,27.9247,60.4112,23.1962,144.0217
85.8,4666.7612,1028.9443,160.0375,61.0491,4.4218,2.4744,-32.8649,28.1457,14.4696,-4.116,62.6802,24.8327,60.1593,30.9756,134.3722
86.3,4631.9232,1006.6751,161.6376,65.5232,3.5953,2.5283,-35.6577,27.1339,19.0788,-4.8887,65.5577,30.4827,59.6185,34.998,135.6551
85.3,4600.4676,977.5913,159.4257,65.6569,2.1005,2.6199,-35.8125,28.2104,16.0604,-5.6235,65.7251,30.6936,59.7711,30.9285,150.2864
86.2,4577.3362,950.2445,162.7735,64.6707,5.7292,2.8207,-33.8011,26.7723,8.4392,-1.3545,64.8938,31.1375,55.5406,21.6659,145.6782
82.4,4184.9248,983.4321,168.1457,51.3069,2.9692,3.1469,-30.2441,12.2849,7.7754,2.6944,51.7635,26.2384,54.7534,44.3436,134.9073
83.8,4250.8561,983.5942,166.9678,50.1573,6.9267,3.1657,-29.945,12.6792,8.7861,4.1445,51.1845,24.9937,45.4454,51.6664,145.6152
82.8,4252.6757,990.8466,168.8758,52.8222,3.4772,3.1657,-28.3048,12.1669,6.4293,3.6483,54.3892,25.6511,51.8745,32.8285,114.251
82.8,4256.8487,1008.6447,169.1512,50.731,2.841,3.1657,-28.5044,14.3671,11.6481,4.8681,50.7692,21.3503,48.6636,51.6324,155.2893
72.6,4850.6366,905.9485,163.8245,18.3553,-4.9498,2.9663,30.5777,33.4683,-10.2608,5.4014,18.4959,5.3247,17.014,13.1974,77.3952
73.5,4741.9919,891.2704,163.5543,12.5212,-6.8142,3.0013,30.6746,34.9138,-17.7127,11.1015,15.7509,7.3621,17.5913,1.8757,51.6624
73.1,4713.026,946.2164,159.3317,18.151,-6.7008,3.0566,11.4615,34.2065,-9.6888,4.4671,18.3747,6.2353,13.3124,16.7233,70.0891
72.9,4815.1804,877.5712,165.281,17.5029,-6.9956,3.0202,29.0192,34.3045,-6.8453,7.2316,19.7627,6.9211,18.8443,10.2195,9.1948
73.3,4677.0546,905.3917,162.4396,18.199,-8.5801,3.0013,23.5354,37.5941,-2.4658,4.3931,18.202,5.2368,16.6618,19.5428,63.3058
90.9,4442.1594,1037.0522,173.9064,59.8349,3.6284,3.1657,-19.8698,16.9968,-3.5503,4.4127,61.5931,27.5017,67.5501,36.1706,128.0021
91.5,4392.4557,1030.3939,176.6205,59.5013,3.2689,3.1833,-21.3016,17.0554,1.6043,2.3408,63.3385,35.9252,67.2942,40.8746,120.9705
90.8,4172.9974,1034.801,173.8363,56.2051,5.1495,3.1293,-22.9164,14.8434,2.5308,6.145,61.6611,25.2631,62.8864,41.2354,127.4895
90.8,4191.056,1041.7498,173.9812,56.0124,3.8746,3.2021,-30.5207,16.7243,-3.6118,4.2929,63.5297,24.1587,62.5336,36.846,126.9245
91.4,4353.9012,1047.8475,178.3831,55.9331,4.2085,3.1118,-32.2324,17.0094,1.7958,4.7395,59.367,28.4097,66.5641,46.5789,120.1843
89,4803.3272,1383.2367,177.171,43.9552,2.5612,2.2749,-56.5115,22.7853,31.8909,-2.1076,52.4431,30.6652,62.7722,54.2286,155.0965
88.6,4760.7427,1356.2507,176.4108,45.2241,3.6237,2.3288,-60.0137,21.6476,28.5055,-3.9993,52.9912,34.3851,66.0224,81.1575,157.3492
87.8,4895.1184,1362.7773,176.5274,42.9843,2.0437,2.2736,-55.7569,23.496,29.3548,-5.5099,51.1037,29.4206,57.7454,82.5233,144.8505
89.5,4762.8221,1357.1268,176.5329,45.2482,2.9728,2.3113,-59.678,22.8084,26.8508,-2.8082,53.1224,29.8616,62.928,74.8735,151.2166
87.5,4771.364,1046.7674,178.3263,36.4015,18.3422,3.5471,-53.1072,11.4974,5.294,6.494,36.7993,27.3494,60.7839,38.3977,87.6703
87.4,4881.5422,1048.7064,176.3369,37.714,19.8727,3.5108,-52.9332,7.6299,2.8964,6.4483,38.0004,20.4576,55.4945,45.3496,85.0585
87.6,4795.3034,1059.657,179.4901,34.7628,19.4701,3.5485,-54.1969,9.4179,5.7063,6.0726,34.7628,28.4805,65.4114,46.3299,85.5689
88.9,4907.2881,1069.9782,178.9164,33.9745,17.5811,3.5835,-48.3827,10.5563,2,6.3398,34.1758,25.3059,65.0563,30.9074,95.6723
87.8,4808.7003,1066.5811,180.0941,36.7925,19.1383,3.5485,-50.1651,11.4805,5.9093,4.9702,37.0207,24.6031,61.9977,49.9183,96.4863
85.9,4522.0197,1007.2724,185.3206,67.7131,4.4137,3.0202,-35.397,19.2634,23.6735,-1.413,68.7922,55.5258,50.375,56.8865,139.9016
86,4686.6313,1021.94,185.3634,63.1573,5.9942,2.9474,-30.0241,18.4687,18.6769,-1.4656,69.6349,54.3321,47.7668,42.062,134.885
85.8,4680.5558,1030.911,186.1605,65.7349,5.2322,3.0202,-29.9074,19.6618,22.4944,-1.7471,70.8645,54.6127,48.7934,48.6878,149.197
85.1,4543.141,1029.9286,185.263,69.7315,4.9994,3.0013,-36.0143,19.8126,23.2137,-3.4426,70.7206,51.2609,50.9878,53.4038,154.041
85.1,4510.2817,996.4586,184.5613,64.5239,4.8381,2.911,-29.4257,17.3057,22.5247,-3.9995,69.6088,53.0359,47.0334,49.6553,128.6634
87.8,4333.7918,938.8637,191.5387,35.9202,15.1889,2.9285,-13.2168,19.4691,12.2122,3.5482,42.28,49.3636,22.3812,49.8201,122.4557
84.9,4328.0161,908.6419,188.7312,36.2343,13.4593,2.9474,-10.226,20.0005,11.0996,2.0207,41.1235,44.8979,22.2758,47.9902,122.496
84.1,4278.0398,966.8541,189.2595,36.3042,11.8938,2.9474,-10.6252,18.6326,13.6577,4.0615,40.3674,51.8822,27.4218,60.5051,115.7271
83.4,4205.8642,905.7531,188.2508,32.7206,15.16,2.9474,-7.4306,17.3037,10.2107,4.3027,41.1277,44.4484,26.3064,47.736,110.6715
79.5,4279.1341,868.6483,166.1907,63.4243,9.4047,3.0202,4.4293,1.9263,1.7327,7.8931,63.4243,90.9593,68.0464,47.9732,144.5526
79.8,4307.976,869.7557,167.0909,62.6507,9.9183,3.0026,5.7151,2.9433,8.4367,9.5093,62.8797,91.0702,71.3562,58.7672,198.8741
78.4,4282.7878,881.1464,171.4975,61.8591,8.402,3.0202,2.7662,1.9481,1.3516,5.7203,62.6732,110.68,79.8723,41.1816,150.2295
78.6,4322.5178,891.8455,163.8937,63.1925,9.6801,2.9838,7.7164,-0.3744,1.4293,9.1102,63.6312,100.9845,81.0288,52.3386,158.8788
79.4,4704.5375,877.8757,171.381,64.3201,10.6467,2.9838,0.3569,1.6838,8.209,5.9447,64.3201,94.1975,66.1158,67.3325,169.8773
87.3,3949.4295,1168.7431,161.2508,37.2466,20.5018,3.256,-54.5134,5.0195,17.3103,11.2119,53.2485,27.7672,74.3337,71.8266,193.8536
87.2,4214.7333,1193.7248,162.1261,38.2334,20.486,3.2749,-63.5501,4.338,11.9297,12.9521,52.0245,51.0782,116.597,58.6776,204.9017
86.9,4204.8145,1120.4393,160.8499,41.5112,21.0432,3.2937,-48.5534,-1.7682,12.917,13.3011,54.2815,34.4776,75.8125,52.2375,191.4262
87.9,4275.9402,1121.2745,158.0667,38.3245,21.2739,3.256,-53.1939,-2.3424,12.1275,9.917,56.9152,49.3956,93.2994,62.0562,205.1469
87.9,4229.3048,1153.0416,165.2621,31.8185,19.4878,3.3301,-51.3612,0.2198,13.8412,11.4233,44.9148,38.3632,80.7314,61.5565,246.7246
88,4309.4235,983.9781,169.4105,48.1087,12.2012,3.0013,-8.9825,2.3023,18.8367,12.2037,54.5143,48.9747,71.0465,53.9731,213.7298
87.8,4357.4359,965.5013,169.3067,50.1307,12.5727,3.1482,-12.8514,0.5219,17.1263,12.303,53.403,40.3576,67.627,57.7861,216.758
88.4,4422.0329,992.8963,174.0463,46.3321,13.7452,3.1118,-14.0027,-3.3417,21.0739,10.6528,50.4661,40.6773,65.9106,52.0714,195.357
88.3,4367.0894,1011.6303,171.7352,50.1227,13.4686,3.1118,-10.6773,-3.3211,22.0217,11.0833,52.0477,39.7562,72.6158,60.0668,220.3689
87.6,4430.7156,1009.7088,171.2732,49.8671,13.6952,3.1671,-10.4744,-1.8052,17.5114,11.1344,52.5107,34.2436,60.9314,56.0864,201.8535
78.8,4525.9949,1092.2386,166.2838,16.7929,8.7407,2.4744,-51.0455,18.6524,-0.3375,6.2048,24.8003,30.0956,42.332,15.9141,107.106
79.1,4493.1723,1134.5363,167.1978,17.3636,10.1013,2.5647,-48.8197,18.0679,2.3189,4.8858,29.4736,31.1387,38.4617,36.743,119.9927
79.6,4601.6567,1123.2552,166.4385,15.115,10.4011,2.5283,-53.31,17.2171,2.9382,8.2304,24.494,29.7528,45.0541,32.3511,114.8025
78.8,4644.2263,1119.5678,168.8052,19.063,9.6275,2.5283,-49.148,19.9129,0.075,5.1584,30.0572,29.2902,42.9557,33.2318,114.1705
79.4,4675.8476,1139.1813,167.3831,11.3803,9.1697,2.4555,-53.4583,20.2496,3.221,7.2351,20.5238,28.1682,40.6084,25.6639,119.0954
93.5,5074.7717,1181.6125,169.5324,55.2433,4.476,2.6563,-47.296,10.8016,21.2449,-6.5095,55.3625,9.6665,41.1255,68.811,128.3139
93,5063.9343,1224.4465,170.326,55.194,5.3441,2.7655,-48.041,10.1789,30.4064,-6.7795,55.194,12.4868,37.5445,71.007,144.7927
94.2,5234.5552,1267.1868,171.2874,52.5041,4.8924,2.6927,-47.6073,10.3505,33.5692,-5.964,52.6167,7.6267,31.1268,67.9126,150.9288
94.4,5192.6458,1322.9304,170.5148,51.4811,3.3147,2.6752,-45.5332,12.7593,26.6538,-6.5925,52.2411,9.6212,19.9261,71.6796,137.4141
94,5223.559,1304.4827,172.7733,55.702,3.3851,2.6011,-47.399,12.618,25.2702,-5.5176,55.7113,11.5201,30.551,68.3075,133.86
89.1,4560.6583,1008.9559,166.7136,38.0777,11.6265,2.7655,-33.7573,14.8673,32.7562,-0.7301,39.8245,13.2683,62.7194,16.2969,40.6871
90.4,4649.3092,1022.508,167.4121,40.2921,11.7636,2.783,-32.8727,13.5671,37.5589,1.0443,41.7964,16.2614,59.0455,15.5362,51.0558
89.8,4657.0209,1026.0634,167.0481,39.8144,13.3548,2.8382,-34.3134,12.243,35.9182,1.1335,40.8639,15.4013,63.3442,13.4532,46.3683
90.3,4608.201,1020.5934,167.0126,39.4443,12.212,2.8558,-33.9719,12.8823,34.917,0.1268,39.7291,18.089,60.964,13.7531,9.1948
89.3,4642.2637,985.638,167.2232,41.4472,13.2335,2.9474,-34.1569,12.9803,33.041,0.6968,42.209,12.0364,43.8569,24.2912,122.0466
82.5,4840.1084,1012.0535,182.5645,39.8963,-2.4679,2.911,-41.0771,2.8512,5.5672,4.6378,42.2452,24.222,53.4951,36.1097,89.8196
82.6,4924.3223,951.6221,182.2818,42.7724,-3.9791,2.8207,-39.2876,2.0229,11.0419,4.7369,42.9383,21.7392,57.7053,41.3932,115.7271
84,4812.6796,985.4787,184.0617,39.4259,-3.2291,2.8746,-38.5826,2.2603,12.7772,5.452,46.9252,20.7481,57.0978,26.9639,121.6616
82.6,4847.2724,954.6934,183.6061,41.4477,-4.2693,2.8922,-36.3265,2.787,10.7373,5.4269,45.0097,23.2349,54.7165,46.3003,136.5925
82.6,4991.7229,953.1706,184.1284,42.8539,-4.157,2.8571,-34.339,1.9664,14.6243,5.4145,43.2339,20.9841,53.3113,43.0757,170.9509
78.9,4250.3573,1062.1852,151.2197,25.1264,8.2148,2.9838,-25.7413,22.1203,-3.1161,9.2095,25.1264,26.3527,33.6876,16.7233,65.0506
76.4,4292.0506,1088.3251,152.0982,24.8161,5.2595,2.911,-38.6144,19.6925,-8.7077,11.2823,24.9359,20.9415,27.8752,10.2195,40.6871
76.9,4329.4107,1066.0099,152.8674,28.3068,5.3341,3.0741,-39.6758,23.0779,-11.8726,10.033,28.7485,20.858,27.7205,10.2195,3.9293
76.3,4375.7982,1094.068,152.6669,24.6459,5.7507,2.9474,-38.9215,18.7428,-3.9867,10.5736,24.8156,18.2968,25.6738,20.9537,76.7612
76.3,4460.3055,1111.5024,152.9557,23.4763,5.3211,2.9474,-36.219,21.4528,-8.4676,10.6105,23.9714,19.9187,26.8255,8.2086,30.363
83.4,5060.5474,1129.2534,165.8547,28.6732,-5.9804,3.093,-40.8143,22.8005,18.0223,7.4984,29.1612,63.4857,54.9027,23.5606,64.4412
84.1,5040.3748,1130.7085,167.3556,27.7581,-4.1117,3.1293,-39.3136,25.4266,21.0014,4.9995,28.5555,60.0847,56.4692,39.7735,62.1031
83.4,4972.294,1111.9277,167.2259,26.8161,-7.3522,3.1833,-41.075,30.5574,7.2242,4.3987,26.9225,57.9944,59.908,22.8232,44.6697
82.9,4944.2965,1080.8685,166.1618,30.296,-10.4011,3.1482,-44.6281,22.9781,13.5029,6.4563,30.3179,61.3959,57.2665,22.8893,63.9685
86.8,5087.7315,1174.7209,166.3264,51.3308,-3.9846,3.0202,-61.4692,23.4047,18.8771,3.2552,51.4283,14.6576,47.4382,55.3094,29.3453
87.8,5134.9633,1194.8525,168.5222,52.8306,-3.4068,3.039,-58.5835,22.68,13.4835,3.4288,53.1979,14.319,37.0187,53.5749,32.8868
87.1,5152.8659,1203.0265,167.1665,50.0781,-1.5991,3.0566,-51.528,20.5353,15.2703,-4.246,52.7406,7.3886,39.0223,33.7251,160.4523
86.8,5110.7675,1212.151,168.5958,51.7139,-1.3252,2.9649,-59.6707,20.5258,19.1439,-6.2657,53.0532,8.1651,29.9867,35.8408,166.177
86.9,5099.7138,1204.654,171.0492,50.1788,-2.9188,3.1657,-58.5532,24.5772,13.8384,-3.3124,52.59,7.0024,40.9758,29.9359,171.8507
92.1,4435.61,1010.0883,163.3374,24.4073,15.0771,3.3288,-40.006,15.5465,-1.6463,6.332,32.7314,41.8402,49.5659,30.9771,192.2442
93.1,4391.7643,1003.7883,161.2673,23.8029,14.8184,3.3841,-41.18,18.4586,-3.4423,5.4783,34.1395,36.6982,41.9207,41.3932,223.723
92.8,4473.0989,1024.8939,165.101,26.8907,16.9923,3.3477,-39.6212,18.3144,-1.3529,4.2346,37.0221,37.6994,48.9181,42.9145,189.6568
92.6,4486.1441,999.4911,167.8901,29.8015,15.1355,3.4393,-35.2464,17.1133,-4.3207,7.4776,36.7418,45.4615,48.8577,29.2887,220.749
92.1,4466.0336,977.4312,162.8514,25.4157,13.9606,3.4029,-39.0313,17.8835,-0.5913,8.7425,36.0653,41.0969,55.6516,40.237,225.2029
85.7,4518.3814,1067.2712,159.9559,41.5977,-2.2052,3.3477,-39.2299,18.4512,8.5399,5.7081,45.1696,39.9325,58.4488,41.0073,154.7935
86.6,4620.5015,1065.0489,163.2782,41.4499,-3.6948,3.2749,-45.0977,19.0671,19.2957,2.7514,44.8208,39.8916,58.8727,68.9047,162.5195
86.4,4567.5683,1033.7776,162.6742,43.7685,-9.2673,3.3652,-39.2493,22.848,11.445,3.3007,44.0175,45.5724,63.4872,41.2635,184.3592
85.4,4562.8096,1001.5832,163.5377,43.6418,-7.8043,3.3665,-40.6547,23.9809,10.0734,6.7162,44.0627,43.8722,63.5122,41.6881,140.905
86.7,4692.927,1065.6346,163.5862,43.0038,-10.3946,3.3301,-38.9536,25.1932,11.2732,-3.4077,44.415,43.4845,66.1895,39.7913,185.8532
90.4,4790.6112,959.6681,174.9804,37.6518,9.9304,2.8194,-8.917,3.2046,13.3593,-5.9715,46.731,69.8775,51.0279,69.5632,160.414
89.8,4662.7212,999.7769,170.6601,42.8682,10.9838,2.8558,-5.3692,1.9944,13.5121,-6.4754,49.3564,65.7367,56.3459,70.6717,158.7326
88.6,4609.2973,985.5541,170.7903,42.1521,10.0392,2.911,6.6616,-0.9422,12.0706,-6.2762,50.3469,54.3941,54.9385,62.1417,174.623
85.2,4510.1193,987.4692,171.2316,29.0552,14.1991,3.1833,-52.1698,31.4409,10.208,10.1321,31.7306,16.3222,46.9631,47.8897,47.2262
84.9,4567.3943,991.3274,169.8878,28.3307,14.2079,3.2021,-53.349,31.5321,11.1428,9.7669,31.1304,20.7721,52.9941,53.0929,44.3163
82.6,4501.0487,952.1422,170.1582,33.383,15.0502,3.3463,-55.1524,30.6547,9.0319,9.132,34.9682,27.9864,56.4358,46.7536,54.346
83.3,4436.25,1007.2988,168.6962,23.563,14.0452,3.2196,-52.5252,29.9961,12.6737,11.8334,25.9145,31.297,65.6023,51.3116,85.4045
83.6,4643.5697,1011.1642,173.6607,25.4164,16.1121,3.3113,-56.3067,27.5296,16.8111,10.1384,29.7709,19.8788,58.4828,69.6109,44.3012
82.5,4184.3365,1014.579,169.8835,66.956,-0.4062,3.1293,-27.0648,14.1181,20.3339,-6.0348,72.695,19.3545,52.9067,80.8521,207.259
82.5,4147.95,1021.5431,170.4376,64.9701,1.3981,3.1469,-27.3226,12.9599,21.8546,-7.5556,72.4574,23.2924,51.2671,79.1976,218.0706
82.5,4507.1271,1063.4696,174.0136,61.1142,2.4537,3.1105,-30.1378,10.6291,23.7785,-9.4069,70.9888,6.122,35.584,80.7317,199.2807
83.8,4418.9089,1038.2062,171.0297,66.3659,0.3011,3.2021,-24.1349,14.6931,19.4661,-8.4039,75.12,17.8397,55.1497,79.2399,207.9358
80.5,4223.8398,1000.5676,168.6566,28.7682,2.7098,2.6199,-55.8253,16.5612,6.8614,4.0457,30.0469,30.9898,60.633,53.6879,184.3043
80.9,4179.4035,1030.4893,166.097,30.1392,2.9462,2.8194,-56.9054,13.4203,6.3925,-0.3337,30.2471,34.0117,63.0411,48.7018,173.6921
80.8,4345.7102,962.7136,167.5862,41.5979,1.9308,2.7843,-52.9153,16.8518,5.6159,2.7637,42.4456,56.5814,76.2787,50.451,186.0196
81.4,4142.6536,1001.575,167.142,36.5858,4.7336,2.911,-52.873,17.6173,5.6568,1.3079,36.6277,29.775,61.9591,59.3158,200.883
81.2,4156.2346,989.2895,168.1058,37.9243,2.8363,2.7479,-55.071,17.3242,7.9701,1.1344,37.9857,27.0108,60.1413,60.3028,166.6114
81.8,4156.2519,1033.856,167.3005,26.9968,-3.5504,2.5471,-42.5247,28.6247,8.6027,5.1853,42.2257,31.299,47.2735,41.6947,209.2005
81.6,4030.4681,1025.4251,160.9126,18.9018,-1.6992,2.566,-55.5213,26.8214,9.8037,4.8731,36.2004,23.6432,44.9322,41.3095,208.2934
81.4,4150.7955,1039.7964,163.3347,36.3343,-5.1196,2.5835,-29.3579,27.3779,3.3874,6.7157,44.4222,29.7563,52.094,34.0576,174.0954
81.4,4193.6697,1026.641,162.951,27.8602,-3.751,2.6199,-35.1292,26.1861,6.3103,6.9187,38.329,24.4974,45.1006,39.95,207.0108
91.3,4893.8727,956.1369,178.8355,45.1436,18.4099,3.4204,-23.3656,11.129,8.9556,2.7948,50.3002,38.4572,72.5766,70.41,185.3056
90.9,4788.4016,1001.3746,181.3527,46.4468,13.3892,3.2749,-27.7332,7.488,11.9616,-1.5994,47.5097,33.3719,80.9966,68.5695,172.6648
91.6,4850.6806,961.7705,182.2863,51.029,14.8836,3.3652,-25.3185,10.6311,4.6757,2.9841,52.7795,48.1032,77.2722,63.6696,182.5488
90.6,4897.3768,1016.9619,182.8522,49.2599,14.7585,3.3841,-19.3553,3.9538,10.0228,1.1505,52.6614,60.0408,103.5708,70.4542,195.2443
88.9,4734.1482,1043.8928,166.1732,50.9305,7.3361,2.9838,-50.7843,29.7553,26.4726,-7.3007,50.9305,93.1598,92.3557,82.651,102.7822
89.4,4844.6969,1049.1902,166.9327,55.3663,9.024,2.8558,-43.798,29.6697,30.1861,-7.5024,56.7554,90.3679,94.1428,81.5721,119.757
88.7,4886.7866,1077.4922,168.0063,53.4823,10.4567,2.9474,-47.2252,32.1436,36.7763,-5.6604,56.668,88.121,90.8271,70.0405,119.1136
86.3,4612.1256,972.8996,165.027,55.9582,10.0639,3.0566,-51.4822,27.0945,22.2272,-7.4399,56.2811,80.9908,90.5706,89.5808,142.5727
84.1,4480.2219,969.141,183.3956,41.2388,12.2461,3.5108,-37.8195,-4.4473,18.0497,10.1722,42.749,31.4263,51.1717,58.1245,218.3157
84.3,4541.0593,1004.2249,184.8722,39.321,12.369,3.5471,-36.7382,-4.9663,12.4521,9.4335,40.5155,28.8812,47.9417,39.6453,207.4022
84.4,4487.1441,1053.999,185.1683,40.1999,9.8673,3.3841,-38.146,-5.8583,29.5074,11.6707,40.8094,28.4014,49.7784,57.5657,221.6108
83.4,4422.1102,1028.4937,183.8987,41.0327,11.279,3.4932,-45.1905,-4.2646,23.7154,9.4922,42.2362,30.5752,47.2407,55.0378,197.6881
83.8,4394.9833,1030.3343,185.294,41.0006,8.9683,3.5471,-40.3409,-3.9037,20.5444,11.7801,41.0799,27.7585,47.7683,44.0842,203.4608
80.9,4007.5963,914.0674,156.9375,39.0317,4.5485,2.8019,-35.2677,18.7298,1.7335,1.2248,39.6608,49.9822,54.5508,19.1133,109.5128
81.4,4017.7289,945.9138,154.3221,39.8363,2.9267,2.8746,-41.2971,22.8068,6.6043,3.1077,39.8746,38.4238,42.9606,19.1354,111.9639
80.3,3993.4734,942.3505,155.1073,41.5453,4.8246,2.9474,-38.3214,24.7548,4.747,1.3208,41.6916,39.4905,42.8529,23.2035,134.2375
79.8,4071.3441,966.263,154.7687,41.8258,0.6382,3.0013,-43.101,26.5651,8.806,2.7857,41.8878,47.0659,52.4624,32.8644,121.7766
79.9,3965.8618,930.3052,150.9881,43.1678,4.0748,2.9285,-37.5732,22.3258,4.2571,0.8084,44.1537,31.1901,35.0502,20.6684,105.1093
86.9,4901.982,1045.977,171.248,55.3195,16.5076,3.4568,-61.2418,27.9602,9.9264,6.5302,56.135,42.13,48.7128,19.2238,166.8322
86.1,4775.2899,1082.6477,170.7248,53.295,11.0445,3.438,-57.4304,31.5249,6.5999,5.2599,53.3136,44.4209,56.6437,17.4961,134.7922
85.2,4702.7062,1050.5513,168.584,51.2687,14.3708,3.4204,-63.4112,29.8181,11.6997,5.4606,53.6766,44.685,48.0538,20.8578,146.3278
86.7,4858.7097,1090.2418,169.9867,53.4685,14.3415,3.438,-63.0219,29.539,13.5453,4.4293,53.9297,45.1864,54.4827,23.9568,157.9725
85.3,4745.998,1077.2088,168.3954,53.1099,15.2271,3.3841,-62.6351,29.3435,17.5246,2.9602,53.8019,45.2323,56.7676,22.4778,153.2906
86.1,4960.6364,1000.7421,166.9012,53.5319,5.2431,2.4204,-12.7571,20.9254,39.3233,4.2324,55.4595,33.6002,37.807,80.7521,166.4379
86.4,5031.1813,1010.1223,171.6267,54.2785,5.5573,2.438,-12.4469,20.4113,43.002,3.5947,55.3228,26.0852,25.2794,83.2007,163.4776
87.2,5025.0922,1060.996,168.4611,50.3883,8.3249,2.5647,-21.6563,24.3759,42.085,0.2167,51.2824,49.3642,54.3024,74.616,173.2861
87.6,4998.462,992.8856,169.2497,48.5508,4.1478,2.6563,-3.7605,25.022,36.5583,5.64,52.1265,18.0696,22.2149,87.3834,176.6457
89.5,4739.3649,986.9224,177.3941,43.857,13.4048,3.2021,-56.5998,19.182,-1.3417,3.6348,44.981,28.2728,25.5286,14.1298,152.1199
88.7,4821.3677,996.7711,178.316,42.6456,14.7506,3.3477,-52.2485,20.1343,-3.1935,1.7321,56.7096,27.3415,27.9162,10.8183,170.6915
88.9,4711.2288,998.4694,177.4023,50.6035,12.5814,3.2021,-61.1818,21.8201,-1.8689,3.176,53.1053,33.067,36.268,16.1766,173.6496
88.8,4774.759,980.9616,175.3499,42.6764,11.0854,3.2385,-53.2594,19.0779,-0.2119,3.0243,61.1924,35.0544,34.1135,26.0575,165.1435
88.6,4661.4086,991.3382,174.9318,41.5604,12.5528,3.2937,-54.1078,22.0782,1.0826,0.4675,45.67,20.503,22.6543,20.2585,175.5778
87.9,4538.3906,962.6561,160.6136,63.3231,11.3306,3.0202,-54.3646,6.8372,-1.7782,-3.5938,63.3689,42.9437,47.5303,37.5739,190.2678
86.9,4472.2255,934.9438,161.6208,64.4359,12.1074,3.1293,-52.4746,7.7122,-5.3514,-3.2312,64.4359,45.5118,49.3259,42.9218,193.6267
87,4473.5918,955.6917,160.478,63.2762,9.8835,3.0916,-59.0185,8.3004,1.4713,-3.4206,63.2762,43.1365,48.8927,40.4689,206.6508
87.5,4547.934,968.5441,161.9432,64.0913,12.6472,3.039,-52.5606,6.9802,-4.0857,-3.7181,64.924,43.5928,47.1603,45.5739,189.6617
86.9,4386.6557,1003.0567,162.2231,62.701,11.4879,3.1293,-56.9284,8.1734,2.6653,-4.1637,64.4509,34.9036,50.4742,50.5936,205.5093
87.1,4124.489,1042.813,168.1182,45.9318,13.4636,3.3288,-67.4473,3.4144,11.7677,12.8459,64.0563,48.3195,70.9299,75.6023,215.1446
87.3,4080.3871,1055.8863,166.2254,47.8095,12.5723,3.2749,-61.6905,3.9107,8.956,12.5937,66.6477,57.8836,82.29,75.3688,216.5998
87.8,4106.2492,1080.7236,167.2829,43.9979,15.9152,3.3288,-61.7092,3.17,13.3558,11.6237,65.1352,40.6276,75.7248,60.3138,256.011
87.8,4028.1238,1080.8549,165.36,50.8701,18.6928,3.2385,-59.3211,-1.0562,12.7571,15.4347,64.604,52.5796,74.2409,56.5531,224.6567
87.8,4471.2338,1077.0748,172.947,48.7549,16.7194,3.256,-57.726,1.0294,15.5658,13.7754,62.9394,52.3087,65.3349,82.0935,254.0262
82.1,4584.2719,1095.4903,175.5501,50.7696,8.5998,3.0202,-22.5832,11.6739,1.9238,14.1671,56.8516,28.8358,46.1425,25.2033,164.2867
81.9,4705.6737,1113.0163,174.3461,43.9582,5.7704,3.093,-29.0846,12.9523,2.305,11.5979,54.3501,30.5772,50.9565,34.5642,155.3858
81.7,4709.435,1124.6779,175.6361,48.6736,10.0649,3.0566,-20.3688,11.7018,8.4023,12.2326,55.0603,33.3234,58.1779,35.7615,157.2379
82.3,4743.3647,1109.9356,176.2256,53.3741,9.7201,3.093,-19.936,12.8665,4.3707,9.9129,56.4921,28.8397,49.2576,30.7633,173.9153
81.4,4453.6352,1155.7649,166.0848,20.1323,8.1984,3.2196,-40.7233,11.8101,-7.8664,11.415,43.458,34.0781,45.7032,28.2293,139.2838
81.4,4533.6997,1172.4189,166.9703,18.1454,7.1185,3.221,-43.067,13.3545,-8.4971,12.5366,42.0536,35.4465,49.6477,30.4144,151.3203
81.6,4467.6558,1198.2475,164.6712,20.1786,13.5735,3.2021,-39.6914,7.7111,-15.8264,10.8352,42.6906,33.6633,48.8397,33.0569,161.1475
81.3,4493.511,1147.5924,166.9969,22.5224,9.8749,3.0566,-40.2312,5.778,-0.8323,13.634,45.9736,26.019,39.9195,38.9202,133.3772
80.9,4564.281,1128.5779,165.2703,19.4503,1.7519,3.1657,-42.3684,5.8893,-7.8096,12.7453,44.6944,33.906,53.9401,18.3491,133.6048
78.8,4139.4623,898.6531,162.0521,43.5012,8.2194,3.0377,-21.7541,11.4371,1.26,6.2391,43.5523,43.5359,61.4356,25.1883,49.637
78.5,4137.5171,922.3648,164.2258,42.0475,10.1536,3.1846,-24.0457,12.524,-0.3654,6.0412,43.938,44.5107,63.2899,30.4283,74.3129
80.5,4266.0807,944.0324,161.7043,43.5665,9.5985,3.1105,-28.2611,10.3581,1.9866,5.5003,45.9072,37.3706,54.9042,27.0244,70.6544
79.3,4278.1392,870.8432,162.8884,44.1957,7.5028,3.2385,-19.6575,12.9149,1.3622,10.5831,44.3806,41.0527,55.5998,26.9639,74.5389
78.3,4273.6993,923.14,163.396,43.2626,9.889,3.0754,-24.8767,10.1826,1.7702,6.1472,44.6221,41.7253,57.9353,25.4972,66.5273
89.2,4790.2632,1157.1236,177.7231,47.9099,14.6059,2.8194,-42.25,7.8102,16.9505,0.4152,49.0929,33.5574,39.0752,49.6481,135.9295
89.4,4787.5497,1133.6801,176.9715,50.2046,13.4443,2.8922,-41.1983,9.5607,15.4099,1.941,51.109,31.4342,35.2449,48.3988,155.0543
88.9,4844.0127,1137.6039,177.5961,50.2572,14.449,2.9649,-38.6096,8.6649,16.3388,1.1729,51.0227,30.7771,33.7025,43.7484,160.3655
89.3,4854.6356,1159.1518,177.2404,50.2107,16.0862,2.8922,-40.3079,9.9172,14.7884,0.6495,50.6978,33.0698,35.1063,53.5586,159.6818
89.1,4815.1338,1163.769,178.3422,51.2293,14.9129,2.8382,-38.8341,11.1677,15.3555,0.2105,51.7078,25.231,29.3302,48.2787,130.6973
92.4,4590.4895,1115.7122,173.3415,43.9762,9.6499,3.3652,-42.0841,15.1358,10.7217,-0.5351,58.6407,51.831,65.0253,46.233,136.8527
92.2,4648.2385,1122.4439,174.7342,42.2101,7.3585,3.4204,-47.7052,16.5889,12.5499,-0.0602,56.661,47.1302,65.2351,46.9499,170.1227
92.1,4609.7591,1093.1473,174.3888,44.3906,10.5765,3.4029,-40.791,14.9346,14.7803,-0.3311,55.6706,53.7243,66.9746,56.4786,199.3915
91.8,4595.8338,1110.3496,176.6785,41.845,10.032,3.4016,-39.4281,15.2791,14.5122,-0.488,55.8687,57.0816,72.2355,62.2983,159.9538
91.9,4588.9379,1103.3482,175.1408,41.3426,11.2952,3.4932,-39.6469,16.365,12.3444,0.4372,57.6,48.1867,66.8936,64.7965,201.8835
84.9,4915.5209,1179.9019,180.7525,46.66,8.6412,3.1293,-25.4747,12.7782,11.4686,10.8524,47.2894,41.46,61.6209,40.6886,205.8335
84.5,4907.1488,1174.0236,182.8873,42.0786,9.9835,3.1118,-18.0552,11.4421,8.966,7.8778,45.2741,37.9175,61.8104,36.4332,160.1767
85.8,4874.6032,1137.2843,183.0124,45.7828,16.1437,3.0741,-15.0629,12.3432,12.9462,9.4588,47.1181,47.5654,64.3199,44.6488,155.0397
84.3,4956.7299,1177.1838,183.3368,42.3096,14.4073,3.0202,-15.7811,13.5515,10.5844,16.3426,42.3942,41.6146,62.7477,44.7075,190.4694
84.4,4852.1552,1166.1923,180.0214,44.5132,8.5275,3.128,-16.701,14.6127,7.1742,6.3792,45.1796,44.9623,68.1803,39.2573,195.0732
78.3,4401.9825,1049.8619,176.5847,49.7162,11.0166,3.1293,-39.3074,26.2419,8.6923,3.7319,54.0983,4.0084,18.8923,17.149,117.37
79.2,4405.544,1053.4913,179.4328,51.3608,7.34,3.1846,-41.0985,27.2085,2.2333,9.7129,53.9026,3.839,24.2901,10.8551,137.9928
78.2,4443.5333,1023.2435,176.3727,47.1267,9.1757,3.1846,-40.5345,26.4288,5.7988,4.7254,50.425,3.5317,21.5848,12.4589,122.0855
78.8,4290.202,1057.3129,179.5667,50.2438,7.4498,3.2385,-41.969,27.2278,-1.4915,9.2144,52.161,3.2456,23.0044,6.0052,115.787
77.4,4278.7001,1028.6308,178.5983,51.2203,8.2455,3.256,-42.8239,26.671,-1.2101,7.438,53.8254,2.1322,19.3758,8.2215,109.4367
77.8,3879.1153,1045.3042,147.9052,43.0727,20.158,2.911,-43.5416,23.0558,10.1734,-8.2137,58.5513,37.112,43.8235,37.0635,243.8067
77.1,3975.5119,1047.7307,146.9484,38.351,16.8733,2.8935,-41.5396,27.4375,16.4501,-12.2858,60.0161,35.8645,39.9791,51.3564,268.4055
77.9,3816.7,1070.5338,145.2974,39.5667,18.3091,2.7843,-44.5706,24.2423,16.9256,-10.5002,59.8555,37.2693,40.7224,42.5197,246.5831
77.2,3830.1485,1078.9711,144.2908,35.8315,18.4452,2.7115,-45.7657,21.3158,16.3592,-9.2571,55.3808,35.1635,43.1457,43.6921,250.2131
78.1,3879.4173,1060.4178,147.6777,45.1311,19.1533,2.783,-49.2702,21.8689,15.4972,-10.2481,58.9053,40.6386,40.1082,47.226,230.169
90.6,4769.9726,1221.8781,165.1136,45.7994,0.9845,2.9649,-40.1539,16.8735,0.7027,-0.9335,47.0392,40.1159,52.2108,28.9069,143.1682
91.1,4709.868,1212.0435,164.3143,48.3592,1.506,3.0377,-49.0122,16.6586,1.0661,-2.5115,48.5158,38.4288,49.3603,24.578,144.5413
92,4676.293,1211.1409,163.8443,49.1819,1.2833,3.0377,-55.3101,16.8132,0.8835,-3.2846,49.4547,42.5219,53.1747,21.8484,146.6166
90.6,4653.6059,1235.7124,162.7623,46.6926,2.9518,3.0202,-67.1409,17.1002,3.3231,-6.0385,47.049,36.0456,50.7416,28.5851,159.1606
90.8,4785.4809,1221.8169,164.385,47.8532,0.9721,2.9649,-47.3937,14.1326,3.3153,-5.2882,48.788,37.5189,54.9023,24.0698,123.1053
82.8,4485.2356,1105.7263,156.6749,39.804,15.8547,3.3113,-33.0317,27.4372,-0.8277,2.3036,47.6356,27.3167,44.0326,25.9194,141.6777
83.4,4497.8672,1130.8044,157.0058,40.9639,18.0012,3.2937,-31.2872,27.2292,3.029,2.1866,45.4684,27.8651,43.5192,28.7166,144.4186
83.3,4549.3473,1135.3563,154.9786,40.8637,16.9256,3.2196,-33.4399,29.1138,4.775,-1.4957,46.5315,26.7157,44.2998,23.7713,145.1405
82.9,4520.739,1132.0986,156.8435,41.202,15.919,3.2749,-37.6317,27.798,2.954,0.2557,46.3217,30.3165,53.7053,25.3208,139.9305
82.8,4571.6194,1144.636,156.3694,39.3622,16.5334,3.3113,-40.4145,28.0004,3.0532,2.9917,44.3738,24.6573,51.9309,27.7413,136.5925
85.7,4652.053,1173.6058,178.2169,55.3011,12.1177,3.4204,-76.0377,25.9074,25.9763,4.6802,55.3707,12.9045,28.3514,62.0053,181.0977
86.5,4698.0216,1182.7085,176.7554,58.2983,12.709,3.5485,-73.9251,24.9941,24.8926,5.6402,58.3579,11.2568,26.3705,53.5881,196.7813
85.1,4703.0047,1151.8759,180.5667,54.4194,10.2178,3.4744,-76.6781,26.1324,21.2229,4.3567,54.6907,9.868,19.4657,67.1191,166.1663
86.1,4598.8606,1154.4765,180.3029,55.4764,10.0669,3.4204,-74.6338,28.2497,26.4214,4.8234,55.7507,17.2303,28.1652,75.7089,175.3823
85.8,4611.5067,1171.4848,179.6653,53.8701,11.6511,3.4932,-75.6156,28.7752,20.6185,2.0741,53.984,6.1132,26.8621,70.3695,178.2071
83.1,4407.4291,1195.6533,171.4749,45.0384,-2.9637,3.2021,-58.5994,7.8018,8.9805,-6.7734,53.0657,37.5951,63.16,30.2303,134.9339
84.7,4434.5911,1202.6104,173.8402,45.3846,-1.6176,3.1657,-60.0621,6.662,11.7334,-6.998,54.2639,37.1232,63.9907,35.9102,138.6764
82.1,4423.5466,1207.4177,171.5322,45.5176,-2.5862,3.093,-59.0498,7.5462,13.0667,-6.0959,52.0563,37.0665,64.2455,41.5977,220.9462
84.6,4466.2502,1218.7724,171.7711,44.4872,-1.6326,3.1469,-57.5443,5.803,14.7265,-7.0805,53.4942,38.165,66.2615,31.4358,128.5171
83.3,4363.85,1196.0866,171.8514,43.3497,-2.2092,3.1482,-60.6095,6.6264,7.5838,-5.0363,52.5309,37.365,65.5265,24.2547,139.4338
89.8,4939.6968,1082.303,168.1521,58.1076,-0.8628,3.0377,-51.0191,24.703,10.0052,-9.5752,58.3645,47.821,52.9271,55.0953,248.1394
90.6,4872.8689,1121.3678,166.8765,56.3945,-0.5803,2.9649,-44.6303,25.4671,13.7651,-9.3757,56.4867,45.8479,58.2248,65.9775,246.0061
91.1,4827.2531,1117.0618,169.346,56.4061,0.1491,3.0013,-48.4965,25.7515,18.7067,-10.4609,56.4061,29.4174,58.775,78.3715,249.1841
91.4,4743.3693,1124.1737,167.0202,55.3404,0.3242,3.0566,-52.1649,24.3605,18.797,-8.0644,55.407,42.318,55.2534,71.878,239.3481
90.5,4738.6786,1111.7746,167.8217,53.3188,1.7779,3.0566,-45.9802,24.2726,11.5647,-8.7778,53.5954,37.3981,52.2149,65.285,253.2479
90,4358.9978,1045.6017,176.6805,31.7123,12.2157,3.093,-32.8317,3.8552,8.8499,-1.9058,36.5731,27.6858,40.336,26.0274,109.2048
90.4,4317.2774,1067.9492,174.9436,32.8329,9.8729,3.1293,-39.3105,7.5332,11.1321,-2.9818,37.3441,28.4399,44.8159,28.6493,71.9283
89.5,4388.4439,1029.5939,176.6245,31.2597,10.9376,3.1657,-36.9926,5.293,8.0208,-2.6802,38.1676,28.5413,45.2211,28.9775,29.8107
89.2,4335.4584,1042.6512,177.0274,12.1929,12.5014,3.2385,-11.7762,3.629,-0.1678,0.5495,35.5454,29.4658,43.7422,40.7467,88.1584
80.8,4494.0446,1129.4168,166.2902,26.9138,17.5197,2.8746,-63.9996,7.6684,4.6062,-5.598,53.0063,2.7827,39.4956,17.0107,143.0452
80.8,4550.4618,1129.4417,166.8475,29.858,17.2407,2.9474,-61.2637,7.4844,3.5039,-8.566,52.5368,11.2351,51.1707,18.7465,145.6014
80.8,4580.0385,1133.8676,167.0499,27.6009,19.4283,2.9285,-64.4204,7.1047,8.7825,-7.8361,55.3444,12.8392,55.3406,27.7409,150.2067
83.3,4638.4414,1119.5235,168.2632,29.8257,19.064,2.8382,-66.1003,9.4727,7.5085,-9.781,49.608,18.6116,64.424,32.0132,177.4803
81.2,4585.8845,1099.2458,167.9611,30.5697,19.1658,2.9838,-68.5702,7.5394,5.4433,-9.1578,46.5657,10.3608,56.6122,26.4162,143.3531
